0,1,2,3,4,5,6,7,8,9,target
0.006451612903225807,0.20289855072463767,0.0023057797285847234,0.07009663428142571,0.37763713080168776,0.43710021321961623,0.002599929753450761,0.0039987882459860645,0.0033170012574253132,0.002802865151043289,0
0.006451612903225807,0.10507246376811595,0.001180670342950009,0.03657539578340066,0.44620253164556956,0.4402985074626865,0.016750168551346596,0.0023326264768252047,0.0016693405021029352,0.0,0
0.0032258064516129032,0.034420289855072464,0.00022918894892559,0.018572628418933545,0.6571729957805907,0.6535181236673775,0.005244268244926301,0.0006058770069675856,0.000433594935611152,0.0,0
0.0032258064516129032,0.18115942028985507,0.0013542983345603045,0.0939954150394899,0.5147679324894515,0.7260127931769723,0.001994356053112851,0.0030899727355346864,0.003100203789619737,0.002802865151043289,0
0.00967741935483871,0.3496376811594203,0.005340797021932688,0.09027083298415378,0.22257383966244726,0.22494669509594883,0.006657273545714759,0.0059678885186307176,0.004444348090014309,0.0015571473061351607,0
0.0032258064516129032,0.03079710144927536,0.00020140847026794276,0.016710337391265487,0.6487341772151899,0.673773987206823,0.004638694544588391,0.0005149954559224478,0.0003902354420500369,0.0,0
0.0032258064516129032,0.03804347826086957,0.0002569694275832372,0.020434919446601602,0.7362869198312236,0.7334754797441365,0.006455415645602122,0.0007876401090578612,0.0005636734162944976,0.0,0
0.0032258064516129032,0.03079710144927536,0.00020140847026794276,0.016710337391265487,0.7953586497890296,0.8219616204690832,0.005647984045151575,0.0006664647076643442,0.0004986341759528248,0.0,0
0.0032258064516129032,0.03804347826086957,0.0002569694275832372,0.020434919446601602,0.6888185654008439,0.8550106609808102,0.0029229023936309796,0.0007270524083611027,0.0006720721501972857,0.0003114294612270321,0
0.006451612903225807,0.20833333333333331,0.0023682858055644298,0.07195892530909376,0.3512658227848101,0.46055437100213215,0.0065563445956584405,0.003847318994244169,0.0035771582187920045,0.0009342883836810964,0
0.0,0.016304347826086956,2.0835358993235454e-05,0.018572628418933545,1.0,1.0,0.0018126839430114778,9.088155104513784e-05,6.50392403416728e-05,0.0,0
0.0,0.021739130434782608,4.1670717986470915e-05,0.024159501501937717,1.0,1.0,0.002418257643349388,0.0001817631020902757,0.0001300784806833456,0.0,0
0.0,0.012681159420289856,6.945119664411818e-06,0.014848046363597427,1.0,1.0,0.0014089681427862043,3.029385034837928e-05,2.1679746780557592e-05,0.0,0
0.0,0.0778985507246377,0.0002569694275832372,0.08189052335964751,0.2088607594936709,1.0,0.00023819232213291135,0.00012117540139351709,0.0008021506308806313,0.0012457178449081284,0
0.0032258064516129032,0.034420289855072464,0.00022918894892559,0.018572628418933545,0.7099156118143459,0.8667377398720683,0.005647984045151575,0.0006664647076643442,0.0006070329098556129,0.0,0
0.0032258064516129032,0.034420289855072464,0.00022918894892559,0.018572628418933545,0.7626582278481013,0.8400852878464818,0.006051699845376848,0.0007270524083611027,0.0005853531630750552,0.0,0
0.006451612903225807,0.20289855072463767,0.0023057797285847234,0.07009663428142571,0.3217299578059072,0.3368869936034115,0.0059003064202923705,0.003453498939715238,0.00262324936044747,0.0009342883836810964,0
0.0032258064516129032,0.08514492753623189,0.0006181156501326518,0.04464470280628635,0.6044303797468354,0.6556503198294243,0.005849841945264211,0.0016055740684641016,0.001257425313272341,0.0003114294612270321,0
0.006451612903225807,0.20833333333333331,0.0023682858055644298,0.07195892530909376,0.32067510548523204,0.3294243070362473,0.012309294748868587,0.0035443804907603757,0.0026449291072280275,0.0003114294612270321,0
0.0032258064516129032,0.03079710144927536,0.00020140847026794276,0.016710337391265487,0.7067510548523207,0.7036247334754797,0.005042410344813665,0.0005755831566192064,0.00041191518883059445,0.0,0
0.006451612903225807,0.23731884057971014,0.0027016515494561973,0.08189052335964751,0.4778481012658228,0.5287846481876333,0.003831262944137845,0.005846713117237201,0.0046394658110393274,0.002802865151043289,0
0.0,0.028985507246376812,6.94511966441182e-05,0.03160866561260995,0.7521097046413502,1.0,0.0004501431172511799,0.0001817631020902757,0.00021679746780557603,0.0009342883836810964,0
0.0,0.012681159420289856,6.945119664411818e-06,0.014848046363597427,1.0,1.0,0.0014089681427862043,3.029385034837928e-05,2.1679746780557592e-05,0.0,0
0.0032258064516129032,0.12318840579710146,0.0009098106760379482,0.06419875859680096,0.6023206751054853,0.8997867803837953,0.0019640773680959555,0.002393214177521963,0.002558210120105797,0.0021800062285892248,0
0.0032258064516129032,0.08152173913043478,0.0005903351714750045,0.042782411778618294,0.5643459915611814,0.7452025586353944,0.0034275471439125715,0.001423810966373826,0.001365824047175129,0.0006228589224540643,0
0.0,0.10144927536231885,0.00034725598322059086,0.10610030671933227,0.42616033755274263,1.0,0.0005429977513029928,0.0005755831566192064,0.00108398733902788,0.0018685767673621927,0
0.0,0.016304347826086956,2.0835358993235454e-05,0.018572628418933545,0.8945147679324895,1.0,0.001610826042898841,6.0587700696758585e-05,6.50392403416728e-05,0.0,0
0.0032258064516129032,0.20833333333333331,0.001562651924492659,0.10796259774700033,0.5949367088607594,0.7889125799573561,0.003403324195899055,0.004119963647379581,0.003880674673719811,0.0021800062285892248,0
0.0032258064516129032,0.028985507246376812,0.0001875182309391191,0.01577919187743146,0.5654008438818565,0.9690831556503199,0.0011404971356363974,0.00039382005452893065,0.0005636734162944976,0.0006228589224540643,0
0.0,0.07608695652173914,0.0002500243079188254,0.08002823233197946,0.9018987341772152,1.0,0.0017622194679833185,0.000969403211148137,0.0007804708841000737,0.0009342883836810964,0
0.029032258064516127,0.0018115942028985507,9.028655563735364e-05,0.00032217634778657404,0.5253164556962026,0.5735607675906184,0.0020145418431241143,0.00012117540139351709,0.00010839873390278799,0.0,0
0.0032258064516129032,0.20108695652173914,0.0015070909671773644,0.10423801569166422,0.4683544303797469,0.47121535181236673,0.010997218398136449,0.0031505604362314452,0.0022980531587391056,0.0003114294612270321,0
0.0,0.07971014492753624,0.0002639145472476491,0.08375281438731558,0.7426160337552743,1.0,0.0009386392355237607,0.0008179339594062406,0.0008238303776611888,0.0015571473061351607,0
0.0,0.13405797101449274,0.0004722681371800036,0.13962154521735734,0.8027426160337552,1.0,0.0009144162875102443,0.001635867918812481,0.0014742227810779168,0.003114294612270321,0
0.0032258064516129032,0.2826086956521739,0.002132151736974428,0.14613956381419552,0.4789029535864979,0.5213219616204692,0.005143339294869983,0.00460466525295365,0.003598837965572562,0.0015571473061351607,0
0.0,0.05615942028985507,0.00017362799161029546,0.05954303102763082,0.7035864978902954,1.0,0.0009547878675327717,0.00048470160557406846,0.0005419936695139401,0.0009342883836810964,0
0.0,0.0923913043478261,0.0003125303848985318,0.09678885158099197,0.7763713080168777,1.0,0.001863148418039637,0.0010299909118448953,0.0009755886051250921,0.0009342883836810964,0
0.0,0.021739130434782608,4.1670717986470915e-05,0.024159501501937717,0.6751054852320675,1.0,0.0007024654923919757,6.0587700696758585e-05,0.0001300784806833456,0.0003114294612270321,0
0.0032258064516129032,0.22101449275362317,0.0016598835997944244,0.11448061634383853,0.47257383966244726,0.47121535181236673,0.024622626655739426,0.0035140866404119965,0.0025365303733252396,0.0,0
0.0,0.06340579710144928,0.00020140847026794276,0.06699219513830305,0.7067510548523207,1.0,0.0015442129358616708,0.0005755831566192064,0.0006287126566361704,0.0006228589224540643,0
0.0,0.03260869565217391,8.334143597294182e-05,0.035333247667946065,0.7774261603375527,1.0,0.0005510720673074982,0.0002423508027870342,0.0002601569613666912,0.0009342883836810964,0
0.0,0.014492753623188406,1.3890239328823643e-05,0.016710337391265487,0.7658227848101266,1.0,0.0012071102426735676,0.0,4.3359493561115185e-05,0.0,0
0.0032258064516129032,0.8061594202898551,0.006146430903004459,0.4152406173122299,0.40822784810126583,0.5767590618336886,0.003391212721892297,0.011663132384126022,0.011511945540476087,0.006540018685767673,0
0.0032258064516129032,0.4257246376811594,0.0032294806439514953,0.21970005940708381,0.5421940928270041,0.6684434968017057,0.0018671855760418895,0.007876401090578614,0.006894159476217318,0.007785736530675802,0
0.0,0.10869565217391305,0.00037503646187823816,0.1135494708300045,1.0,1.0,0.01210743684875595,0.001635867918812481,0.0011707063261501105,0.0,0
0.15161290322580645,0.7264492753623188,0.13396441320683955,0.015546405498972949,0.0031645569620253194,0.03411513859275053,0.0006277780693503001,0.03183883671614662,0.039175302432467585,0.07941451261289319,0
0.9774193548387097,0.8369565217391305,0.9774908671676413,0.0027859873773914147,0.011603375527426157,0.0628997867803838,0.0005833693313255202,0.2693426234474402,0.37015999653124054,0.7075677359078169,0
0.006451612903225807,0.38405797101449274,0.004389315627908269,0.13217238110668508,0.2805907172995781,0.337953091684435,0.002204288269229993,0.005937594668282338,0.005094740493431037,0.004982871379632514,0
0.9838709677419355,0.8405797101449275,0.9881724612115067,0.0027804005043084107,0.0031645569620253194,0.0650319829424307,0.00033710269318810326,0.23792790063617086,0.3782031825868274,0.9106197446278418,0
0.14193548387096774,0.14130434782608695,0.024641284569333132,0.003219901186838072,0.036919831223628685,0.1417910447761194,0.000765041441426893,0.009118448954862163,0.014872306291462516,0.019620056057303024,0
0.0,0.27355072463768115,0.0010070423513397135,0.2830179543477978,0.8122362869198312,1.0,0.0020872106871646636,0.003574674341108755,0.0031435632831808523,0.003114294612270321,0
0.0,0.09057971014492755,0.00030558526523411997,0.09492656055332392,0.4419831223628692,1.0,0.00027856390215543863,0.0005149954559224478,0.0009539088583445344,0.002802865151043289,0
0.058064516129032254,0.8351449275362319,0.06091564457655606,0.04523318677102946,0.49683544303797467,0.6673773987206822,0.003201466295786418,0.13886700999697063,0.1306855135932012,0.0843973839925257,0
0.0,0.0923913043478261,0.0003125303848985318,0.09678885158099197,0.979957805907173,1.0,0.010088857847629584,0.0013329294153286882,0.0009755886051250921,0.0,0
0.0,0.0923913043478261,0.0003125303848985318,0.09678885158099197,0.5126582278481013,1.0,0.0026201155434620246,0.0006361708573159649,0.0009755886051250921,0.0003114294612270321,0
0.0,0.057971014492753624,0.00018057311127470728,0.061405322055298875,1.0,1.0,0.006455415645602122,0.0007876401090578612,0.0005636734162944976,0.0,0
0.0,0.22282608695652173,0.0008125790007361827,0.23087380557309217,0.41350210970464135,1.0,0.0013807080367704352,0.0014541048167222054,0.0025365303733252396,0.0018685767673621927,0
0.0,0.13405797101449274,0.0004722681371800036,0.13962154521735734,0.9156118143459916,1.0,0.0021154707931804327,0.0018782187215995152,0.0014742227810779168,0.0015571473061351607,0
0.0,0.012681159420289856,6.945119664411818e-06,0.014848046363597427,0.8681434599156118,1.0,0.0012071102426735676,0.0,2.1679746780557592e-05,0.0,0
0.0,0.07065217391304349,0.00022918894892559,0.07444135924897528,1.0,1.0,0.00786842094639058,0.0009996970614965161,0.0007154316437584008,0.0,0
0.0,0.09782608695652174,0.00033336574389176727,0.10237572466399615,0.540084388185654,1.0,0.0018792970500486478,0.0007270524083611027,0.0010406278454667649,0.0006228589224540643,0
0.0,0.20652173913043478,0.0007500729237564764,0.21411318632407964,0.15611814345991562,1.0,0.0007226512824032394,0.00048470160557406846,0.002341412652300221,0.0012457178449081284,0
0.0,0.018115942028985508,2.7780478657647266e-05,0.020434919446601602,1.0,1.0,0.0020145418431241143,0.00012117540139351709,8.67189871222304e-05,0.0,0
0.0,0.08152173913043478,0.00027085966691206087,0.08561510541498363,0.7710970464135022,1.0,0.002216399743236751,0.0008785216601029992,0.0008455101244417465,0.0006228589224540643,0
0.0032258064516129032,0.1141304347826087,0.00084035947939383,0.05954303102763082,0.5052742616033755,0.55863539445629,0.003225689243799935,0.001847924871251136,0.0014742227810779168,0.0009342883836810964,0
0.00967741935483871,0.20652173913043478,0.0031461392079785537,0.053490585187709626,0.39451476793248946,0.45309168443496806,0.003391212721892297,0.005725537715843683,0.0047045050513810005,0.003114294612270321,0
1.0,0.8369565217391305,1.0,0.002722669482450701,0.03797468354430379,0.1044776119402985,0.0005874064893277729,0.38242956679794005,0.5004769544291722,1.0000000000000002,0
0.035483870967741936,0.26268115942028986,0.012119233814398623,0.022608213075890227,0.04113924050632911,0.07036247334754797,0.005177655137889132,0.004634959103302029,0.004726184798161558,0.0015571473061351607,0
0.0,0.08514492753623189,0.0002847499062408845,0.08933968747031974,0.8681434599156118,1.0,0.0019136128930677962,0.0010602847621932747,0.0008888696180028616,0.0009342883836810964,0
0.0,0.05072463768115942,0.00015279263261706,0.053956157944626645,0.5632911392405063,1.0,0.0002240622691250267,0.00030293850348379284,0.00047695442917226725,0.0021800062285892248,0
0.0,0.028985507246376812,6.94511966441182e-05,0.03160866561260995,0.37974683544303794,1.0,0.0001473562670822248,0.0,0.00021679746780557603,0.0009342883836810964,0
0.08709677419354839,0.5960144927536232,0.06412428986151432,0.021898680194348694,0.005274261603375532,0.004264392324093813,0.006051699845376848,0.015752802181157224,0.013159606295798465,0.004982871379632514,0
0.6806451612903226,0.8387681159420289,0.6831289153112108,0.004026273201818342,0.0,0.00852878464818764,0.002184102479218729,0.15325658891245078,0.14909161860989462,0.1329803799439427,0
0.006451612903225807,0.5163043478260869,0.0059102968344144574,0.17748750868293195,0.3734177215189874,0.38912579957356075,0.017355742251684507,0.010330202968797334,0.00778302909422018,0.0009342883836810964,0
0.0,0.03079710144927536,7.639631630853002e-05,0.03347095664027801,0.940928270042194,1.0,0.003225689243799935,0.00030293850348379284,0.0002384772145861336,0.0,0
0.0,0.010869565217391306,0.0,0.01298575533592937,1.0,1.0,0.0012071102426735676,0.0,0.0,0.0,0
0.0,0.21014492753623187,0.0007639631630853,0.21783776837941576,0.35970464135021096,1.0,0.0009547878675327717,0.0011814601635867917,0.0023847721458613363,0.0021800062285892248,0
0.0,0.13768115942028986,0.0004861583765088272,0.14334612727269344,0.37025316455696206,1.0,0.0008377102854674424,0.0007270524083611027,0.0015175822746390322,0.0015571473061351607,0
0.0,0.07065217391304349,0.00022918894892559,0.07444135924897528,0.8681434599156118,1.0,0.002149786636199581,0.0008482278097546198,0.0007154316437584008,0.0006228589224540643,0
0.0,0.04891304347826087,0.00014584751295264819,0.05209386691695859,0.9620253164556962,1.0,0.005244268244926301,0.0006058770069675856,0.0004552746823917097,0.0,0
0.0,0.06159420289855073,0.0001944633506035309,0.06512990411063499,0.8196202531645569,1.0,0.0017460708359743075,0.0006664647076643442,0.0006070329098556129,0.0006228589224540643,0
0.0,0.02355072463768116,4.8615837650882727e-05,0.026021792529605778,0.5474683544303797,1.0,0.00019782074211038397,3.029385034837928e-05,0.00015175822746390323,0.0009342883836810964,0
0.0,0.03985507246376811,0.00011112191463058909,0.042782411778618294,0.8164556962025316,1.0,0.003629405044025208,0.00036352620418055135,0.00034687594848892164,0.0,0
0.0,0.03260869565217391,8.334143597294182e-05,0.035333247667946065,0.6666666666666667,1.0,0.0006681496493728275,0.0001817631020902757,0.0002601569613666912,0.0006228589224540643,0
0.02258064516129032,0.02717391304347826,0.00084035947939383,0.0036743001975890785,0.10970464135021096,0.8496801705756929,0.0008033944424482942,0.00039382005452893065,0.002233013918397433,0.0009342883836810964,0
0.025806451612903226,0.016304347826086956,0.000576444932146181,0.002018723473992175,0.09704641350210969,0.49040511727078895,0.0011061812926172494,0.0001817631020902757,0.0008671898712223041,0.0003114294612270321,0
0.0,0.14130434782608695,0.000500048615837651,0.14707070932802957,0.5864978902953586,1.0,0.0011788501366577985,0.0012420478642835504,0.0015609417682001473,0.0018685767673621927,0
0.0,0.018115942028985508,2.7780478657647266e-05,0.020434919446601602,0.7120253164556962,1.0,0.0006015365423356575,3.029385034837928e-05,8.67189871222304e-05,0.0003114294612270321,0
0.0,0.17572463768115942,0.0006320058894614754,0.18245423885372267,0.9356540084388185,1.0,0.005985086738339679,0.0025749772796122387,0.001972856957030742,0.0006228589224540643,0
0.0,0.021739130434782608,4.1670717986470915e-05,0.024159501501937717,0.6751054852320675,1.0,0.0003996786422230207,6.0587700696758585e-05,0.0001300784806833456,0.0006228589224540643,0
0.0,0.028985507246376812,6.94511966441182e-05,0.03160866561260995,0.8143459915611814,1.0,0.0007367813354111239,0.00021205695243865495,0.00021679746780557603,0.0006228589224540643,0
0.16451612903225807,0.8333333333333334,0.1664397927576292,0.016458928102530298,0.14767932489451477,0.19829424307036247,0.0021195079511826856,0.1393517116025447,0.12858257815548713,0.12426035502958581,0
0.0,0.02536231884057971,5.556095731529454e-05,0.027884083557273835,0.859704641350211,1.0,0.0011061812926172494,0.0001817631020902757,0.0001734379742444608,0.0003114294612270321,0
0.025806451612903226,0.021739130434782608,0.0007639631630853,0.002638866386205638,0.053797468354430375,0.7356076759061834,0.0006015365423356575,0.0001514692517418964,0.0017560594892251657,0.0006228589224540643,0
0.016129032258064516,0.010869565217391306,0.00024307918825441365,0.0021230117715415864,0.1962025316455696,0.6695095948827292,0.0018126839430114778,9.088155104513784e-05,0.00047695442917226725,0.0,0
0.0,0.06521739130434784,0.00020835358993235456,0.0688544861659711,0.8006329113924051,1.0,0.001005252342560931,0.0006967585580127234,0.000650392403416728,0.0012457178449081284,0
0.0,0.08152173913043478,0.00027085966691206087,0.08561510541498363,0.1972573839662447,1.0,7.266884404054917e-05,0.00012117540139351709,0.0008455101244417465,0.0021800062285892248,0
0.0,0.07427536231884059,0.00024307918825441365,0.0781659413043114,0.2721518987341772,1.0,0.000318935482177966,0.0001817631020902757,0.000758791137319516,0.0012457178449081284,0
0.0032258064516129032,0.3170289855072464,0.002396066284222077,0.16383132857704208,0.5021097046413502,0.5788912579957356,0.006051699845376848,0.00542259921235989,0.004466027836794867,0.0015571473061351607,0
0.0,0.028985507246376812,6.94511966441182e-05,0.03160866561260995,0.8755274261603375,1.0,0.0013080391927298859,0.0002423508027870342,0.00021679746780557603,0.0003114294612270321,0
0.0,0.06884057971014493,0.0002222438292611782,0.07257906822130722,0.8913502109704642,1.0,0.0015603615678706818,0.0008482278097546198,0.0006937518969778432,0.0009342883836810964,0
0.0,0.0778985507246377,0.0002569694275832372,0.08189052335964751,0.9040084388185654,1.0,0.003831262944137845,0.0009996970614965161,0.0008021506308806313,0.0003114294612270321,0
0.0,0.02355072463768116,4.8615837650882727e-05,0.026021792529605778,0.9251054852320676,1.0,0.002418257643349388,0.0001817631020902757,0.00015175822746390323,0.0,0
0.0,0.06340579710144928,0.00020140847026794276,0.06699219513830305,0.560126582278481,1.0,0.0006419081223581848,0.00042411390487730996,0.0006287126566361704,0.0012457178449081284,0
0.0,0.028985507246376812,6.94511966441182e-05,0.03160866561260995,0.7521097046413502,1.0,0.0011061812926172494,0.0001817631020902757,0.00021679746780557603,0.0003114294612270321,0
0.0032258064516129032,0.02355072463768116,0.00014584751295264819,0.01298575533592937,0.24683544303797467,0.8091684434968016,0.0014089681427862043,3.029385034837928e-05,0.00034687594848892164,0.0,0
0.006451612903225807,0.32971014492753625,0.0037642548581112052,0.1135494708300045,0.45991561181434604,0.5490405117270788,0.005805433207239432,0.007906694940926993,0.006720721501972857,0.002491435689816257,0
0.0,0.05072463768115942,0.00015279263261706,0.053956157944626645,1.0,1.0,0.005647984045151575,0.0006664647076643442,0.00047695442917226725,0.0,0
0.0,0.02355072463768116,4.8615837650882727e-05,0.026021792529605778,0.9251054852320676,1.0,0.002418257643349388,0.0001817631020902757,0.00015175822746390323,0.0,0
0.0,0.07971014492753624,0.0002639145472476491,0.08375281438731558,0.929324894514768,1.0,0.0040331208442504814,0.0010602847621932747,0.0008238303776611888,0.0003114294612270321,0
0.07741935483870968,0.5416666666666666,0.05203978164543775,0.02229721047426966,0.01371308016877637,0.00959488272921108,0.007935034053427749,0.014450166616176917,0.011360187313012183,0.0034257240734973534,0
0.0032258064516129032,0.08876811594202899,0.0006458961287902991,0.04650699383395441,0.43037974683544306,0.4776119402985075,0.0028885865506118316,0.0011814601635867917,0.0009539088583445344,0.0006228589224540643,0
0.0032258064516129032,0.3677536231884058,0.002784992985429139,0.1899034029643949,0.37974683544303794,0.6599147121535182,0.0019136128930677962,0.004877309906089064,0.0058752113775311105,0.004671441918405481,0
0.0,0.06159420289855073,0.0001944633506035309,0.06512990411063499,0.8491561181434599,1.0,0.0018126839430114778,0.0006967585580127234,0.0006070329098556129,0.0006228589224540643,0
0.016129032258064516,0.2554347826086956,0.005868626116427986,0.04402455989407289,0.06645569620253165,0.1183368869936034,0.0011122370296206285,0.0027567403817025144,0.0030351645492780644,0.004360012457178449,0
0.0,0.02355072463768116,4.8615837650882727e-05,0.026021792529605778,0.8491561181434599,1.0,0.002216399743236751,0.0001514692517418964,0.00015175822746390323,0.0,0
0.0,0.12318840579710146,0.0004305974191935327,0.12844779905134898,0.8322784810126582,1.0,0.0014675069338188687,0.0015449863677673432,0.0013441443003945712,0.0018685767673621927,0
0.0,0.266304347826087,0.0009792618726820663,0.27556879023712555,0.9567510548523206,1.0,0.009348039354216206,0.004089669797031202,0.003056844296058622,0.0006228589224540643,0
0.0,0.1503623188405797,0.00053477421415971,0.15638216446636985,0.9124472573839663,1.0,0.0036798695190533672,0.0021205695243865495,0.0016693405021029352,0.0009342883836810964,0
0.0,0.13043478260869565,0.00045837789785118,0.1358969631620212,0.5949367088607594,1.0,0.0005510720673074982,0.0011511663132384125,0.0014308632875168017,0.0034257240734973534,0
0.06451612903225808,0.0018115942028985507,0.00024307918825441365,0.00012663578988142795,0.7236286919831224,0.720682302771855,0.006051699845376848,0.0007270524083611027,0.0005203139227333824,0.0,0
0.11935483870967742,0.125,0.018425402469684556,0.0033800582152175257,0.007383966244725738,0.0,0.003756575521096169,0.004544077552256892,0.003425399991328101,0.0021800062285892248,0
0.0,0.2644927536231884,0.0009723167530176546,0.2737064992094575,0.8565400843881856,1.0,0.002125563688186065,0.0036352620418055137,0.0030351645492780644,0.003114294612270321,0
0.0,0.028985507246376812,6.94511966441182e-05,0.03160866561260995,0.9377637130801687,1.0,0.003023831343687298,0.00027264465313541354,0.00021679746780557603,0.0,0
0.11290322580645162,0.30978260869565216,0.0429555651243871,0.008847744672450943,0.08016877637130801,0.2931769722814499,0.0007710971784302722,0.023810966373826115,0.04507219355677926,0.050763002180006234,0
0.019354838709677417,0.014492753623188406,0.0003889267012070618,0.002344624403834085,0.09599156118143459,0.18763326226012794,0.001610826042898841,6.0587700696758585e-05,0.0001734379742444608,0.0,0
0.11612903225806452,0.1286231884057971,0.018453182948342202,0.0035737364820950033,0.07172995780590719,0.20788912579957358,0.001336299298745655,0.009512269009391094,0.014698868317218054,0.012768607910308316,0
0.0032258064516129032,0.009057971014492754,3.472559832205909e-05,0.005536591225257136,0.6487341772151899,1.0,0.0006015365423356575,3.029385034837928e-05,0.00010839873390278799,0.0003114294612270321,0
0.006451612903225807,0.0960144927536232,0.0010764935479838317,0.03347095664027801,0.3291139240506329,0.48720682302771856,0.001495767039834638,0.0015752802181157224,0.0016693405021029352,0.0018685767673621927,0
0.15483870967741933,0.14130434782608695,0.026835942383287268,0.0029517312788538723,0.03375527426160338,0.12473347547974412,0.001279779086714117,0.009603150560436232,0.014893986038243073,0.01339146683276238,0
0.12258064516129032,0.125,0.018911560846193384,0.0032925305369171263,0.040084388185654005,0.20575692963752668,0.0012071102426735676,0.007209936382914268,0.014959025278584745,0.01058860168171909,0
0.006451612903225807,0.018115942028985508,0.00018057311127470728,0.006778739340711731,0.3291139240506329,0.6449893390191898,0.0003996786422230207,0.0001514692517418964,0.000325196201708364,0.0009342883836810964,0
0.09677419354838711,0.12681159420289853,0.015237592543719529,0.004214364595612815,0.1128691983122363,0.24946695095948823,0.0018712227340441424,0.010390790669494093,0.013961756926679095,0.01027717222049206,0
0.006451612903225807,0.5489130434782609,0.006285333296292695,0.18865566797585728,0.5305907172995781,0.6652452025586355,0.008306452589635001,0.015116631323841261,0.013419763257165155,0.0034257240734973534,0
0.49032258064516127,0.7989130434782609,0.4696220465878627,0.0053298769211859815,0.06540084388185655,0.1631130063965885,0.0010597539755913428,0.23271735837624963,0.31502840046828257,0.38181251946434136,0
0.006451612903225807,0.4673913043478261,0.0053477421415970994,0.1607268894339194,0.37869198312236285,0.4466950959488273,0.0024767964343820523,0.009451681308694336,0.00795646706846464,0.007162877608221738,0
0.14838709677419354,0.5163043478260869,0.09330768269137278,0.011281759045613095,0.13818565400843882,0.27185501066098083,0.0007367813354111239,0.07428052105422599,0.09216060356415037,0.16350046714419186,0
0.11290322580645162,0.1721014492753623,0.02395371772255636,0.004916448313043673,0.046413502109704644,0.15458422174840084,0.0013484107727524132,0.009815207512874888,0.015392620214195898,0.013080037371535349,0
0.012903225806451613,0.6014492753623188,0.011515008403594795,0.12397830058494562,0.339662447257384,0.3742004264392324,0.007192196981013246,0.018661011814601638,0.014763907557559727,0.004982871379632514,0
0.13548387096774192,0.1105072463768116,0.018467073187671025,0.002635141804150302,0.029535864978902954,0.11513859275053306,0.001132422819631892,0.006210239321417752,0.009690846810909247,0.009654313298037995,0
0.0032258064516129032,0.009057971014492754,3.472559832205909e-05,0.005536591225257136,0.6487341772151899,1.0,0.0006015365423356575,3.029385034837928e-05,0.00010839873390278799,0.0003114294612270321,0
0.1032258064516129,0.04891304347826087,0.006368674732265637,0.0015289409337154755,0.048523206751054856,0.22281449893390193,0.0009426763935260136,0.0025446834292638595,0.005268178467675497,0.004671441918405481,0
0.05161290322580645,0.1068840579710145,0.007035406220049172,0.006521743178893539,0.0917721518987342,0.3294243070362473,0.0012272960326848313,0.004089669797031202,0.00804318605558687,0.005917159763313609,0
0.012903225806451613,0.010869565217391306,0.0001944633506035309,0.0025569255809882434,0.1867088607594937,0.5735607675906184,0.00033306553518585056,3.029385034837928e-05,0.0003035164549278064,0.0006228589224540643,0
0.025806451612903226,0.028985507246376812,0.0010139874710041253,0.003467585893517924,0.09704641350210969,0.4221748400852879,0.0004279387482387899,0.00045440775522568916,0.001365824047175129,0.0018685767673621927,0
0.00967741935483871,0.012681159420289856,0.00017362799161029546,0.0036743001975890785,0.30801687763713076,0.5,0.0009043233925046124,0.00012117540139351709,0.00021679746780557603,0.0003114294612270321,0
0.27096774193548384,0.12318840579710146,0.04068451099412443,0.0014618984567194256,0.11919831223628694,0.40405117270788915,8.478031804730741e-05,0.029142684035140868,0.05595542644061917,0.2095920274057926,0
0.03870967741935484,0.021739130434782608,0.0011251093856347145,0.0018120091699210205,0.07594936708860761,0.4136460554371002,0.000500607592279339,0.00042411390487730996,0.0014959025278584745,0.0015571473061351607,0
0.04193548387096774,0.03260869565217391,0.0017987859930826608,0.002476847066798517,0.08016877637130801,0.5106609808102346,0.00036536279920387245,0.0008179339594062406,0.0029701253089363913,0.0034257240734973534,0
0.04193548387096774,0.03260869565217391,0.0017987859930826608,0.002476847066798517,0.06434599156118144,0.47121535181236673,0.005849841945264211,0.0006967585580127234,0.0027533278411308155,0.0,0
0.04516129032258064,0.02355072463768116,0.001409859291875599,0.0016872356710672606,0.06118143459915612,0.2942430703624734,0.00018167211010137302,0.00048470160557406846,0.0013875037939556866,0.0034257240734973534,0
0.019354838709677417,0.041666666666666664,0.0011181642659703027,0.006335514076126733,0.051687763713080176,0.2515991471215352,0.00017561637309799393,0.00030293850348379284,0.0009322291115639769,0.002491435689816257,0
0.012903225806451613,0.019927536231884056,0.0003680913422138263,0.004419216608656302,0.08544303797468356,0.21855010660980811,0.0006015365423356575,3.029385034837928e-05,0.00019511772102501841,0.0003114294612270321,0
0.02258064516129032,0.007246376811594203,0.00022918894892559,0.0011136500345454987,0.23523206751054854,0.4136460554371002,0.0005349234352984872,0.00012117540139351709,0.0002384772145861336,0.0006228589224540643,0
0.00967741935483871,0.007246376811594203,9.028655563735364e-05,0.002277581926838035,0.3143459915611814,0.7867803837953092,0.0002644338491475541,0.0,0.00019511772102501841,0.0006228589224540643,0
0.019354838709677417,0.02536231884057971,0.0006806217271123582,0.00394060781454561,0.06540084388185655,0.2484008528784648,0.00027856390215543863,0.0001514692517418964,0.0005203139227333824,0.0012457178449081284,0
0.019354838709677417,0.021739130434782608,0.0005833900518105927,0.0034079925806325463,0.10759493670886075,0.44989339019189767,0.00019782074211038397,0.00021205695243865495,0.0008021506308806313,0.0018685767673621927,0
0.00967741935483871,0.010869565217391306,0.00014584751295264819,0.003208727440672064,0.24683544303797467,1.0,0.00019782074211038397,3.029385034837928e-05,0.0004552746823917097,0.0009342883836810964,0
0.00967741935483871,0.007246376811594203,9.028655563735364e-05,0.002277581926838035,0.3143459915611814,0.7867803837953092,0.0002644338491475541,0.0,0.00019511772102501841,0.0006228589224540643,0
0.012903225806451613,0.003623188405797101,5.556095731529454e-05,0.0010670927588537972,0.4377637130801688,0.5735607675906184,0.000500607592279339,0.0,4.3359493561115185e-05,0.0003114294612270321,0
0.012903225806451613,0.014492753623188406,0.0002639145472476491,0.003301841992055467,0.13291139240506328,0.502132196162047,0.0001170775820653293,3.029385034837928e-05,0.0003685556952694792,0.0012457178449081284,0
0.3193548387096774,0.08695652173913045,0.033982470517967024,0.0008622407458103109,0.043248945147679324,0.36034115138592754,0.00015139342508447754,0.013662526507119055,0.04229718596886788,0.08034880099657428,0
0.04838709677419355,0.05253623188405797,0.0032850416012667897,0.0034415138191305713,0.08544303797468356,0.4360341151385927,0.00025635953314304865,0.0017267494698576188,0.004747864544942115,0.008408595453129867,0
0.029032258064516127,0.010869565217391306,0.0004375425388579445,0.001253321861620603,0.11075949367088608,0.5735607675906184,0.0001110218450619502,0.00012117540139351709,0.000758791137319516,0.0018685767673621927,0
0.016129032258064516,0.007246376811594203,0.0001597377522814718,0.0015010065683004547,0.19092827004219412,0.6087420042643923,0.0001473562670822248,0.0,0.0002601569613666912,0.0009342883836810964,0
0.016129032258064516,0.019927536231884056,0.0004514327781867682,0.0036743001975890785,0.0917721518987342,0.4818763326226013,8.276173904618101e-05,9.088155104513784e-05,0.000650392403416728,0.0018685767673621927,0
0.25806451612903225,0.08695652173913045,0.027516564110399624,0.0010764042139921376,0.06434599156118144,0.35820895522388063,0.0002503037961396695,0.013389881853983642,0.03410224168581711,0.06166303332295236,0
0.016129032258064516,0.009057971014492754,0.00020140847026794276,0.0018120091699210205,0.14978902953586498,0.3784648187633262,0.000500607592279339,0.0,0.0001734379742444608,0.0003114294612270321,0
0.016129032258064516,0.014492753623188406,0.0003264206242273554,0.0027431546837550494,0.10126582278481011,0.24946695095948823,0.0006015365423356575,3.029385034837928e-05,0.00019511772102501841,0.0003114294612270321,0
0.06451612903225808,0.12137681159420291,0.009869015043129193,0.0059798164898421345,0.0,0.050106609808102345,0.0009426763935260136,0.002029687973341412,0.0032302822703030826,0.003737153534724385,0
0.019354838709677417,0.08333333333333334,0.0022363285319406054,0.012453140102016305,0.11181434599156118,0.2420042643923241,0.0009608436045361508,0.0013632232656770676,0.0019078177166890688,0.002491435689816257,0
0.03870967741935484,0.012681159420289856,0.0006736766074479464,0.001095027124268818,0.10759493670886075,0.7537313432835822,1.0092895005631847e-05,0.00027264465313541354,0.001582621514980705,0.004360012457178449,0
0.02258064516129032,0.0,6.945119664411818e-06,0.00018250452071146968,0.8681434599156118,1.0,0.0012071102426735676,0.0,2.1679746780557592e-05,0.0,0
0.02258064516129032,0.014492753623188406,0.0004514327781867682,0.002044795548379528,0.0770042194092827,0.27398720682302774,0.0007024654923919757,6.0587700696758585e-05,0.00034687594848892164,0.0003114294612270321,0
0.0032258064516129032,0.08695652173913045,0.0006320058894614754,0.045575848320120384,0.4831223628691983,0.4776119402985075,0.009886999947516947,0.001302635564980309,0.0009322291115639769,0.0,0
0.0,0.20471014492753623,0.0007431278040920645,0.21225089529641158,0.9356540084388185,1.0,0.004113864004295535,0.003029385034837928,0.0023197329055196633,0.0012457178449081284,0
0.0,0.07246376811594203,0.0002361340685900018,0.07630365027664333,0.9229957805907173,1.0,0.0023516445363122177,0.0009391093607997576,0.0007371113905389585,0.0006228589224540643,0
0.0,0.057971014492753624,0.00018057311127470728,0.061405322055298875,0.6487341772151899,1.0,0.0005349234352984872,0.00045440775522568916,0.0005636734162944976,0.0015571473061351607,0
0.0,0.1902173913043478,0.00068756684677677,0.19735256707506713,0.850210970464135,1.0,0.0028562892865938096,0.0025446834292638595,0.0021462949312752028,0.0015571473061351607,0
0.0,0.04710144927536232,0.00013890239328823636,0.05023157588929053,0.3744725738396624,1.0,0.00016350489909123573,0.00012117540139351709,0.000433594935611152,0.0015571473061351607,0
0.0,0.07246376811594203,0.0002361340685900018,0.07630365027664333,0.7679324894514769,1.0,0.0007165955453998605,0.000757346258709482,0.0007371113905389585,0.0018685767673621927,0
0.0,0.03804347826086957,0.00010417679496617726,0.04092012075095024,0.47257383966244726,1.0,0.00016350489909123573,0.00012117540139351709,0.000325196201708364,0.0015571473061351607,0
0.0,0.11594202898550725,0.0004028169405358854,0.12099863494067674,0.6265822784810127,1.0,0.0003996786422230207,0.0010602847621932747,0.001257425313272341,0.004048582995951417,0
0.025806451612903226,0.009057971014492754,0.0003264206242273554,0.0011918662577075573,0.3744725738396624,0.48720682302771856,0.0009043233925046124,0.00045440775522568916,0.0004552746823917097,0.0009342883836810964,0
0.029032258064516127,0.019927536231884056,0.0007847985220785354,0.002184467375454632,0.16455696202531644,0.5554371002132196,0.00013120763507321384,0.0005452893062708271,0.001365824047175129,0.004360012457178449,0
0.07419354838709678,0.03079710144927536,0.0029516758573750225,0.001346436413004006,0.0917721518987342,0.3358208955223881,0.0002119507951182685,0.0016055740684641016,0.003382040497766986,0.008720024914356899,0
0.04193548387096774,0.028985507246376812,0.0016043226424791298,0.002210539449841985,0.06434599156118144,0.3464818763326226,0.00015744916208785664,0.0006058770069675856,0.0018427784763473962,0.004360012457178449,0
0.06774193548387097,0.03804347826086957,0.0033128220799244373,0.0018120091699210205,0.0580168776371308,0.43816631130063965,0.0001554305830867303,0.0013632232656770676,0.004812903785283788,0.008720024914356899,0
0.04838709677419355,0.005434782608695652,0.0003958718208714736,0.00041529089916997694,0.10970464135021096,0.5,0.0008033944424482942,9.088155104513784e-05,0.0005853531630750552,0.0003114294612270321,0
0.04838709677419355,0.036231884057971016,0.002284944369591488,0.0023949062615811227,0.04535864978902954,0.48294243070362475,0.0001170775820653293,0.000757346258709482,0.003598837965572562,0.005917159763313609,0
0.03870967741935484,0.007246376811594203,0.0004028169405358854,0.0006667001879051648,0.07489451476793249,0.5074626865671642,0.0014089681427862043,3.029385034837928e-05,0.0006070329098556129,0.0,0
0.019354838709677417,0.018115942028985508,0.0004861583765088272,0.0028753773467194814,0.06856540084388187,0.46055437100213215,0.00015744916208785664,6.0587700696758585e-05,0.0006720721501972857,0.0012457178449081284,0
0.11290322580645162,0.08514492753623189,0.011952550942452738,0.0024321520821344836,0.09599156118143459,0.3997867803837953,0.00051675622428835,0.0072705240836110265,0.016216450591857088,0.021177203363438184,0
0.17419354838709677,0.08514492753623189,0.018286500076396317,0.001575498209407177,0.09493670886075947,0.32196162046908317,0.0006540195963649429,0.011148136928203576,0.020660798681871394,0.027094363126751793,0
0.16774193548387095,0.08514492753623189,0.017619768588612784,0.001636953813320223,0.1360759493670886,0.3326226012793177,0.0007408184934133769,0.013723114207815815,0.020465680960846375,0.030208657739022114,0
0.0903225806451613,0.08514492753623189,0.009618990735210367,0.0030318097930435986,0.06751054852320676,0.2196162046908316,0.0008155059164550523,0.004695546803998788,0.007934787321684083,0.009654313298037995,0
0.06451612903225808,0.005434782608695652,0.00053477421415971,0.00030355343750989347,0.2721518987341772,0.6194029850746269,0.0005429977513029928,0.0005755831566192064,0.0010189480986862072,0.0018685767673621927,0
0.058064516129032254,0.08333333333333334,0.006153376022668871,0.004557026144703738,0.02742616033755274,0.053304904051172705,0.0005793321733232673,0.0019085125719478944,0.002016216450591857,0.005294300840859545,0
0.019354838709677417,0.08152173913043478,0.0021877126942897226,0.012186832485059772,0.13185654008438819,0.2579957356076759,0.0014372282488019736,0.0015146925174189638,0.001972856957030742,0.0018685767673621927,0
0.0032258064516129032,0.014492753623188406,7.639631630853002e-05,0.008330027766759224,0.5316455696202532,0.5266524520255864,0.0018126839430114778,9.088155104513784e-05,6.50392403416728e-05,0.0,0
0.0032258064516129032,0.08152173913043478,0.0005903351714750045,0.042782411778618294,0.48417721518987344,0.5245202558635395,0.009281426247179037,0.0012117540139351712,0.0009539088583445344,0.0,0
0.0,0.22826086956521738,0.0008334143597294182,0.23646067865609635,0.6265822784810127,1.0,0.0025535024364248546,0.002272038776128446,0.002601569613666912,0.0015571473061351607,0
0.0,0.021739130434782608,4.1670717986470915e-05,0.024159501501937717,0.8375527426160337,1.0,0.0009043233925046124,0.00012117540139351709,0.0001300784806833456,0.0003114294612270321,0
0.006451612903225807,0.2318840579710145,0.002639145472476491,0.08002823233197946,0.2668776371308017,0.3358208955223881,0.002176028163214224,0.0033626173886701,0.0030134848024975067,0.002802865151043289,0
0.012903225806451613,0.010869565217391306,0.0001944633506035309,0.0025569255809882434,0.15611814345991562,0.26865671641791045,0.0012071102426735676,0.0,8.67189871222304e-05,0.0,0
0.03870967741935484,0.007246376811594203,0.0004028169405358854,0.0006667001879051648,0.2858649789029536,0.5245202558635395,0.0008538589174764534,0.00042411390487730996,0.0006287126566361704,0.0009342883836810964,0
0.07741935483870968,0.014492753623188406,0.0015140360868417762,0.0006201429122134633,0.14240506329113925,0.39872068230277186,0.0002926939551633233,0.0010602847621932747,0.001972856957030742,0.004982871379632514,0
0.02258064516129032,0.005434782608695652,0.00017362799161029546,0.0008808636560869914,0.40717299578059074,0.5671641791044776,0.0012071102426735676,0.00021205695243865495,0.0002601569613666912,0.0003114294612270321,0
0.05161290322580645,0.014492753623188406,0.0010139874710041253,0.0009348700958893652,0.16561181434599156,0.46375266524520253,0.00017359779409686753,0.000757346258709482,0.0014959025278584745,0.004982871379632514,0
0.012903225806451613,0.005434782608695652,9.028655563735364e-05,0.0014395509643874089,0.419831223628692,0.6268656716417911,0.0007024654923919757,6.0587700696758585e-05,0.0001300784806833456,0.0003114294612270321,0
0.025806451612903226,0.005434782608695652,0.00020140847026794276,0.0007765753585375802,0.2088607594936709,0.7334754797441365,0.001610826042898841,6.0587700696758585e-05,0.000433594935611152,0.0,0
0.035483870967741936,0.005434782608695652,0.0002847499062408845,0.0005698610544664258,0.2531645569620253,1.0,0.00019782074211038397,0.00021205695243865495,0.0008888696180028616,0.0018685767673621927,0
0.016129032258064516,0.007246376811594203,0.0001597377522814718,0.0015010065683004547,0.3322784810126582,1.0,0.00023819232213291135,0.00012117540139351709,0.0004986341759528248,0.0012457178449081284,0
0.016129032258064516,0.021739130434782608,0.0004931034961732392,0.003985302799209644,0.053797468354430375,0.4125799573560768,0.0006015365423356575,3.029385034837928e-05,0.0006070329098556129,0.0003114294612270321,0
0.00967741935483871,0.018115942028985508,0.0002569694275832372,0.005071018468340122,0.1128691983122363,0.9275053304904052,0.0001473562670822248,0.0,0.0007371113905389585,0.0009342883836810964,0
0.17096774193548386,0.08514492753623189,0.01795313433250455,0.0016052948658498661,0.09599156118143459,0.21535181236673773,0.001176831557656672,0.010996667676461678,0.014698868317218054,0.016505761445032702,0
0.16774193548387095,0.08514492753623189,0.017619768588612784,0.001636953813320223,0.11075949367088608,0.22068230277185502,0.0013766708787681823,0.011905483186913058,0.014698868317218054,0.015571473061351605,0
0.16451612903225807,0.08514492753623189,0.017286402844721018,0.0016686127607905801,0.09071729957805907,0.19829424307036247,0.001342355035749034,0.010239321417752197,0.013268005029701253,0.013702896293989412,0
0.016129032258064516,0.08333333333333334,0.0019099079077132498,0.014537043761976861,0.15822784810126583,0.1492537313432836,0.011300005248305404,0.0015146925174189638,0.00108398733902788,0.0,0
0.00967741935483871,0.03260869565217391,0.0004792132568444154,0.008795600523676238,0.23628691983122363,0.3411513859275053,0.0008538589174764534,0.00042411390487730996,0.00047695442917226725,0.0009342883836810964,0
0.0,0.08333333333333334,0.0002778047865764727,0.08747739644265169,1.0,1.0,0.009281426247179037,0.0012117540139351712,0.0008671898712223041,0.0,0
0.0,0.1539855072463768,0.0005486644534885336,0.16010674652170598,0.9261603375527426,1.0,0.00786842094639058,0.0022114510754316875,0.0017126999956640506,0.0003114294612270321,0
0.0,0.028985507246376812,6.94511966441182e-05,0.03160866561260995,1.0,1.0,0.003225689243799935,0.00030293850348379284,0.00021679746780557603,0.0,0
0.0,0.03260869565217391,8.334143597294182e-05,0.035333247667946065,0.7225738396624473,1.0,0.0007367813354111239,0.00021205695243865495,0.0002601569613666912,0.0006228589224540643,0
0.016129032258064516,0.036231884057971016,0.0008264692400650064,0.006467736739091166,0.20464135021097046,0.2046908315565032,0.006051699845376848,0.0007270524083611027,0.0005419936695139401,0.0,0
0.02258064516129032,0.02717391304347826,0.00084035947939383,0.0036743001975890785,0.36497890295358654,0.6748400852878464,0.0003088425871723342,0.0013329294153286882,0.0017777392360057234,0.005917159763313609,0
0.2161290322580645,0.059782608695652176,0.016008500826469242,0.0008808636560869914,0.18143459915611815,0.49466950959488276,0.00028663821815994413,0.01551045137837019,0.026189134110913583,0.06602304578013081,0
0.2129032258064516,0.05253623188405797,0.013911074687816872,0.0007840245226482524,0.12341772151898736,0.4243070362473348,0.0002503037961396695,0.010057558315661921,0.01988032779777132,0.04640298972282778,0
0.06129032258064516,0.06884057971014493,0.005368577500590335,0.0035811856462056755,0.09282700421940929,0.3656716417910448,0.0004420688012466744,0.0030899727355346864,0.0066990417551922995,0.01027717222049206,0
0.016129032258064516,0.028985507246376812,0.0006597863681191227,0.005225588623636571,0.08966244725738398,0.6023454157782516,0.0003593070622004933,0.00021205695243865495,0.0012357455664917833,0.0012457178449081284,0
0.0032258064516129032,0.02355072463768116,0.00014584751295264819,0.01298575533592937,0.4345991561181435,0.5053304904051173,0.002418257643349388,0.0001817631020902757,0.0001734379742444608,0.0,0
0.11612903225806452,0.034420289855072464,0.005090772714013862,0.000957217588221382,0.08333333333333334,0.1396588486140725,0.0006459452803604373,0.002726446531354135,0.002948445562155834,0.006851448146994706,0
0.10645161290322581,0.043478260869565216,0.005854735877099162,0.001318502047588985,0.2151898734177215,0.5031982942430704,0.00020993221611714216,0.006392002423508027,0.009690846810909247,0.032700093428838374,0
0.10645161290322581,0.04710144927536232,0.006327004014279166,0.0014283772182214006,0.17616033755274263,0.5245202558635395,0.0004178458532331579,0.00587700696758558,0.010883232883839916,0.019931485518530054,0
0.11290322580645162,0.07608695652173914,0.010702429402858612,0.0021732936292886236,0.06856540084388187,0.12899786780383796,0.00041380869523090523,0.005271129960617994,0.005983610111433899,0.018062908751167863,0
0.04838709677419355,0.05072463768115942,0.003173919686636201,0.0033260517754151514,0.09704641350210969,0.4626865671641791,0.0003148983241757133,0.0018176310209027568,0.004834583532064346,0.007785736530675802,0
0.27419354838709675,0.11956521739130435,0.039969163668690015,0.0014004428528063798,0.11814345991561181,0.9307036247334756,0.0002725081651520596,0.028476219327476522,0.11661535793261935,0.12394892556835878,0
0.3225806451612903,0.17753623188405795,0.06939563568680289,0.0017747633493676593,0.09282700421940929,0.7633262260127932,0.00020185790011263672,0.04213874583459557,0.16851667172527424,0.21488632824665216,0
0.0032258064516129032,0.9692028985507246,0.007396552442598586,0.49904371355729255,0.4778481012658228,0.47974413646055436,0.03619514006919689,0.016176916086034537,0.01175042275506222,0.0006228589224540643,0
0.0032258064516129032,0.9692028985507246,0.007396552442598586,0.49904371355729255,0.5126582278481013,0.7196162046908315,0.005924529368305887,0.01726749469857619,0.016975241729176603,0.005605730302086578,0
0.0032258064516129032,0.967391304347826,0.007382662203269763,0.4981125680434585,0.540084388185654,0.5884861407249466,0.007908792526413107,0.01805513480763405,0.014091835407362441,0.004360012457178449,0
0.0032258064516129032,0.9692028985507246,0.007396552442598586,0.49904371355729255,0.5116033755274262,0.5970149253731343,0.004638694544588391,0.017237200848227812,0.014308632875168018,0.007162877608221738,0
0.0032258064516129032,0.9692028985507246,0.007396552442598586,0.49904371355729255,0.4704641350210971,0.502132196162047,0.008086427478512227,0.015964859133595882,0.012227377184234488,0.003737153534724385,0
0.0032258064516129032,0.967391304347826,0.007382662203269763,0.4981125680434585,0.6286919831223629,0.9147121535181237,0.002165935268208592,0.020781581338988185,0.021181112604604778,0.018062908751167863,0
0.0935483870967742,0.1068840579710145,0.01245259955829039,0.0036743001975890785,0.10759493670886075,0.4211087420042644,0.00016754205709348848,0.008209633444410785,0.017690673372935003,0.04640298972282778,0
0.08709677419354839,0.05434782608695652,0.005979748031058575,0.002011274309881503,0.4641350210970464,0.7281449893390192,0.0013060206137287596,0.012723417146319298,0.013875037939556864,0.017440049828713798,1
0.0032258064516129032,0.9692028985507246,0.007396552442598586,0.49904371355729255,0.5063291139240507,0.5287846481876333,0.005849841945264211,0.017055437746137533,0.012812730347309542,0.005605730302086578,0
0.0032258064516129032,0.967391304347826,0.007382662203269763,0.4981125680434585,0.520042194092827,0.6044776119402985,0.0046972333356210556,0.017449257800666466,0.014438711355851362,0.007162877608221738,0
0.006451612903225807,0.9692028985507246,0.011119136582723321,0.33268525605570487,0.30485232067510554,0.31023454157782515,0.01210743684875595,0.01641926688882157,0.012140658197112257,0.002491435689816257,0
0.1,0.1902173913043478,0.023509230064034006,0.006119488316917239,0.1540084388185654,0.35501066098081024,0.0007145769663987338,0.020115116631323843,0.02892078220526384,0.04546870133914669,0
0.08709677419354839,0.05615942028985507,0.006174211381662106,0.002078316786877553,0.4525316455696202,0.7249466950959488,0.0012939091397220013,0.012844592547712815,0.014265273381606903,0.017751479289940832,1
0.006451612903225807,0.8496376811594203,0.009744002889169781,0.2917148534470076,0.3164556962025316,0.3464818763326226,0.0045619885425455895,0.014813692820357468,0.01166370376793999,0.006228589224540642,0
0.0032258064516129032,0.1141304347826087,0.00084035947939383,0.05954303102763082,0.3987341772151899,0.5756929637526652,0.0005874064893277729,0.0014541048167222054,0.0015175822746390322,0.004048582995951417,0
0.0,0.5,0.0018751823093911908,0.515804332806305,1.0,1.0,0.055708743273085476,0.008179339594062406,0.005853531630750553,0.0,0
0.0,0.463768115942029,0.0017362799161029544,0.4785585122529439,1.0,1.0,0.051671585270832744,0.007573462587094819,0.005419936695139401,0.0,0
0.1,0.6322463768115942,0.07773672440376148,0.020319457402886185,0.09493670886075947,0.36247334754797444,0.0005934622263311518,0.04789457740078764,0.09734206304470364,0.12457178449081284,0
0.0903225806451613,0.05434782608695652,0.006195046740655342,0.0019405072508301164,0.4335443037974684,0.7078891257995735,0.001192980189665683,0.012390184792487127,0.01400511642024021,0.018374338212394894,1
0.0032258064516129032,0.9710144927536232,0.00741044268192741,0.4999748590711266,0.47995780590717296,0.4968017057569296,0.03639699796930953,0.016267797637079674,0.012140658197112257,0.0006228589224540643,0
0.0032258064516129032,0.9710144927536232,0.00741044268192741,0.4999748590711266,0.5717299578059072,0.6321961620469083,0.004087622477280893,0.019115419569827326,0.01508910375926809,0.00903145437558393,0
0.006451612903225807,0.9710144927536232,0.011139971941716556,0.33329981209483533,0.3090717299578059,0.3656716417910448,0.004283424640390151,0.016631323841260225,0.013983436673459653,0.00747430706944877,0
0.0032258064516129032,0.9710144927536232,0.00741044268192741,0.4999748590711266,0.4831223628691983,0.5031982942430704,0.009850665525496672,0.01638897303847319,0.01229241642457616,0.003114294612270321,0
0.09677419354838711,0.18840579710144928,0.02255774867000959,0.006257297852964675,0.20042194092827004,0.420042643923241,0.000781190073435904,0.023629203271735837,0.03204266574166414,0.049828713796325134,0
0.08709677419354839,0.05615942028985507,0.006174211381662106,0.002078316786877553,0.45991561181434604,0.7260127931769723,0.0012172031376791995,0.01302635564980309,0.01428695312838746,0.01899719713484896,1
0.0032258064516129032,0.17572463768115942,0.0013126276165738335,0.0912019784979878,0.4514767932489452,0.6300639658848615,0.0016915692029438958,0.0026355649803089976,0.00262324936044747,0.002802865151043289,0
0.0032258064516129032,0.75,0.005715833483810926,0.386375106383375,0.4778481012658228,0.5501066098081023,0.0031772433477729022,0.012481066343532264,0.010254520227203745,0.00747430706944877,0
0.0032258064516129032,0.11231884057971016,0.0008264692400650064,0.058611885513796785,0.30485232067510554,0.47547974413646055,0.0019640773680959555,0.001090578612541654,0.0012357455664917833,0.0009342883836810964,0
0.0032258064516129032,0.8586956521739131,0.006549247843540345,0.44224383721341676,0.47679324894514763,0.513859275053305,0.01913209177267571,0.01429869736443502,0.011056670858084377,0.0012457178449081284,0
0.0032258064516129032,0.17753623188405795,0.0013265178559026573,0.09213312401182183,0.21202531645569622,0.5906183368869936,0.0007125583873976076,0.001302635564980309,0.0024931708797641242,0.003114294612270321,0
0.0032258064516129032,0.9710144927536232,0.00741044268192741,0.4999748590711266,0.49367088607594933,0.5959488272921108,0.005157469347877868,0.016691911541956983,0.014308632875168018,0.006228589224540642,0
0.0,0.9710144927536232,0.0036809134221382636,1.0000000000000002,1.0,1.0,0.10819179730237104,0.01605574068464102,0.011490265793695529,0.0,0
0.09677419354838711,0.18840579710144928,0.02255774867000959,0.006257297852964675,0.18143459915611815,0.3784648187633262,0.0008740447074877169,0.02184186610118146,0.02928933790053332,0.04204297726564934,0
0.08709677419354839,0.05615942028985507,0.006174211381662106,0.002078316786877553,0.4324894514767933,0.7036247334754797,0.0012111474006758203,0.012329597091790366,0.013875037939556864,0.018062908751167863,1
0.0,0.11231884057971016,0.0003889267012070618,0.11727405288534061,1.0,1.0,0.012511152648981224,0.0016964556195092396,0.0012140658197112256,0.0,0
0.0,0.3351449275362319,0.0012431764199297153,0.34633584928851174,0.8185654008438819,1.0,0.0016229375169055993,0.004453196001211753,0.003880674673719811,0.004982871379632514,0
0.0,0.3858695652173913,0.0014376397705332463,0.3984799980632174,1.0,1.0,0.04299169556598936,0.00627082702211451,0.004487707583575424,0.0,0
0.0,0.1105072463768116,0.00038198158154264996,0.11541176185767256,0.9831223628691983,1.0,0.01210743684875595,0.001635867918812481,0.0011923860729306682,0.0,0
0.0,0.266304347826087,0.0009792618726820663,0.27556879023712555,0.9852320675105486,1.0,0.014529731650107592,0.00421084519842472,0.003056844296058622,0.0003114294612270321,0
0.0,0.5018115942028986,0.0018821274290556026,0.5176666238339731,0.9430379746835442,1.0,0.005692392783176355,0.0077552256891850945,0.0058752113775311105,0.002491435689816257,0
0.0,0.04528985507246377,0.00013195727362382456,0.048369284861622466,1.0,1.0,0.005042410344813665,0.0005755831566192064,0.00041191518883059445,0.0,0
0.0,0.021739130434782608,4.1670717986470915e-05,0.024159501501937717,1.0,1.0,0.002418257643349388,0.0001817631020902757,0.0001300784806833456,0.0,0
0.0,0.2608695652173913,0.000958426513688831,0.2699819171541214,0.970464135021097,1.0,0.006909595920855554,0.004059375946682823,0.002991805055716949,0.0009342883836810964,0
0.0,0.06340579710144928,0.00020140847026794276,0.06699219513830305,0.2679324894514768,1.0,0.00016350489909123573,0.00012117540139351709,0.0006287126566361704,0.0015571473061351607,0
0.0,0.14492753623188406,0.0005139388551664746,0.15079529138336567,0.8955696202531646,1.0,0.004705307651625561,0.0019993941229930327,0.0016043012617612624,0.0006228589224540643,0
0.0,0.33695652173913043,0.0012501215395941273,0.34819814031617985,0.960970464135021,1.0,0.004983871553781,0.005240836110269615,0.0039023544205003687,0.0018685767673621927,0
0.09677419354838711,0.06521739130434784,0.007917436417429473,0.0021732936292886236,0.14451476793248946,0.525586353944563,0.0002119507951182685,0.006361708573159648,0.01365824047175129,0.03238866396761134,0
0.0032258064516129032,0.9728260869565217,0.007424332921256233,0.5009060045849606,0.4926160337552743,0.6631130063965885,0.006834908497813879,0.016691911541956983,0.015804535403026492,0.004671441918405481,0
0.0032258064516129032,0.9728260869565217,0.007424332921256233,0.5009060045849606,0.6170886075949367,0.6833688699360341,0.005805433207239432,0.02053923053620115,0.016238130338637642,0.006851448146994706,0
0.0032258064516129032,0.9710144927536232,0.00741044268192741,0.4999748590711266,0.5126582278481013,0.525586353944563,0.016461511754185525,0.01729778854892457,0.012769370853748428,0.0018685767673621927,0
0.006451612903225807,0.9728260869565217,0.011160807300709792,0.33391436813396586,0.33544303797468356,0.3859275053304904,0.004257183113375508,0.017873371705543775,0.014698868317218054,0.008097165991902834,0
0.006451612903225807,0.9710144927536232,0.011139971941716556,0.33329981209483533,0.31751054852320676,0.32196162046908317,0.01415225737689696,0.017025143895789154,0.01257425313272341,0.0021800062285892248,0
0.08709677419354839,0.10869565217391305,0.011813648549164503,0.00400765029154166,0.12658227848101264,0.476545842217484,0.00019176500510700487,0.008694335049984854,0.01870962147162121,0.04609156026160075,0
0.08709677419354839,0.05434782608695652,0.005979748031058575,0.002011274309881503,0.4810126582278481,0.7515991471215352,0.0013019834557265067,0.013147531051196608,0.01428695312838746,0.018062908751167863,1
0.0032258064516129032,0.9710144927536232,0.00741044268192741,0.4999748590711266,0.6002109704641351,0.7302771855010661,0.003161094715763891,0.019993941229930326,0.017235398690543295,0.012145748987854251,0
0.0032258064516129032,0.9710144927536232,0.00741044268192741,0.4999748590711266,0.5126582278481013,0.5671641791044776,0.006275762114501875,0.01729778854892457,0.013679920218531847,0.005294300840859545,0
0.0032258064516129032,0.9710144927536232,0.00741044268192741,0.4999748590711266,0.5316455696202532,0.6321961620469083,0.004816329496687512,0.017873371705543775,0.015110783506048648,0.007162877608221738,0
0.0935483870967742,0.10869565217391305,0.012660953148222744,0.003735755801502124,0.11075949367088608,0.44882729211087413,0.00017359779409686753,0.008512571947894579,0.019013137926549017,0.04733727810650888,0
0.0903225806451613,0.05615942028985507,0.006396455210923285,0.00200382514577083,0.4472573839662447,0.7014925373134329,0.0012575747177017268,0.013177824901544987,0.014330312621948576,0.018685767673621928,1
0.0032258064516129032,0.9710144927536232,0.00741044268192741,0.4999748590711266,0.5116033755274262,0.5831556503198294,0.004273331745384519,0.01726749469857619,0.014026796167020768,0.007785736530675802,0
0.0032258064516129032,0.9728260869565217,0.007424332921256233,0.5009060045849606,0.49156118143459915,0.5692963752665245,0.005712578573187619,0.016661617691608604,0.01374495945887352,0.005605730302086578,0
0.0032258064516129032,0.9710144927536232,0.00741044268192741,0.4999748590711266,0.49683544303797467,0.5383795309168443,0.012398112224918148,0.0168130869433505,0.013051207561895676,0.002491435689816257,0
0.0032258064516129032,0.967391304347826,0.007382662203269763,0.4981125680434585,0.5253164556962026,0.55863539445629,0.023572965575153714,0.01763102090275674,0.013441443003945713,0.0012457178449081284,0
0.0903225806451613,0.10869565217391305,0.012237300848693624,0.0038661161734388884,0.07278481012658228,0.39339019189765456,0.00015341200408560389,0.00627082702211451,0.016368208819320988,0.03706010588601682,0
0.0903225806451613,0.05615942028985507,0.006396455210923285,0.00200382514577083,0.4008438818565401,0.6684434968017057,0.0010597539755913428,0.011935777037261437,0.013701599965312405,0.019620056057303024,1
0.006451612903225807,0.9039855072463768,0.010369063658966844,0.3103377637236882,0.3386075949367089,0.38272921108742003,0.0036859252560567466,0.016722205392305362,0.013549841737848501,0.008720024914356899,0
0.0032258064516129032,0.05615942028985507,0.0003958718208714736,0.029746374584941893,0.48945147679324896,0.5,0.006455415645602122,0.0007876401090578612,0.0005853531630750552,0.0,0
0.0032258064516129032,0.9692028985507246,0.007396552442598586,0.49904371355729255,0.5443037974683543,0.6673773987206822,0.00471136338862894,0.018236897909724326,0.01582621514980705,0.00747430706944877,0
0.0032258064516129032,0.9692028985507246,0.007396552442598586,0.49904371355729255,0.5632911392405063,0.6652452025586355,0.0041663470583248215,0.018812481066343534,0.015782855656245934,0.008720024914356899,0
0.016129032258064516,0.06884057971014493,0.0015765421638214826,0.012054609822095339,0.14767932489451477,0.14392324093816633,0.008877710446953763,0.0011511663132384125,0.0008455101244417465,0.0,0
0.035483870967741936,0.5018115942028986,0.023120303362826944,0.043093414380238865,0.06118143459915612,0.08742004264392322,0.003005664132677161,0.010875492275068161,0.010232840480423187,0.006851448146994706,0
0.0,0.03804347826086957,0.00010417679496617726,0.04092012075095024,0.9525316455696202,1.0,0.0040331208442504814,0.00042411390487730996,0.000325196201708364,0.0,0
0.0,0.0960144927536232,0.0003264206242273554,0.1005134336363281,0.940928270042194,1.0,0.003225689243799935,0.0013329294153286882,0.0010189480986862072,0.0006228589224540643,0
0.0,0.02717391304347826,6.250607697970637e-05,0.029746374584941893,1.0,1.0,0.003023831343687298,0.00027264465313541354,0.00019511772102501841,0.0,0
0.49032258064516127,0.28442028985507245,0.1678427069298404,0.0018734647738340663,0.5643459915611814,0.61727078891258,0.009271333352173405,0.42935474098757953,0.33568919915015394,0.09374026782933666,1
0.2645161290322581,0.5,0.15962663036684122,0.006164183301581272,0.1350210970464135,0.3230277185501066,0.0011788501366577985,0.1251438957891548,0.1816762780210727,0.18748053565867331,0
0.2645161290322581,0.2681159420289855,0.08584167905213007,0.0032925305369171263,0.35443037974683544,0.43710021321961623,0.005601556728125669,0.14531960012117542,0.1264146034774314,0.05169729056368733,1
0.0,0.7463768115942029,0.002819718583751198,0.769075912569161,0.9978902953586497,1.0,0.08295955978829145,0.012269009391093608,0.008801977192906386,0.0,0
0.0,0.02536231884057971,5.556095731529454e-05,0.027884083557273835,0.859704641350211,1.0,0.002418257643349388,0.0001817631020902757,0.0001734379742444608,0.0,0
0.3032258064516129,0.16666666666666666,0.06131151639742753,0.0017729010583399912,0.6571729957805907,0.8955223880597015,0.0005268491192939818,0.18052105422599213,0.17259246412001908,0.5116786047960137,1
0.0,0.3242753623188406,0.0012015057019432445,0.33516210312250344,0.9820675105485233,1.0,0.01765852910185346,0.0051499545592244775,0.003750596193036465,0.0003114294612270321,0
0.0,0.03804347826086957,0.00010417679496617726,0.04092012075095024,0.8080168776371307,1.0,0.0007024654923919757,0.00033323235383217215,0.000325196201708364,0.0009342883836810964,0
0.0,0.018115942028985508,2.7780478657647266e-05,0.020434919446601602,1.0,1.0,0.0020145418431241143,0.00012117540139351709,8.67189871222304e-05,0.0,0
0.0,0.010869565217391306,0.0,0.01298575533592937,1.0,1.0,0.0012071102426735676,0.0,0.0,0.0,0
0.0,0.016304347826086956,2.0835358993235454e-05,0.018572628418933545,0.7890295358649789,1.0,0.0006015365423356575,3.029385034837928e-05,6.50392403416728e-05,0.0003114294612270321,0
0.2967741935483871,0.18659420289855072,0.06712458155654022,0.0020317595111858516,0.4208860759493671,0.5852878464818764,0.0006520010173638167,0.1320508936685853,0.1279321857520704,0.31983805668016196,1
0.11612903225806452,0.0,0.00020835358993235456,0.0,1.0,1.0,0.007262847246052669,0.0009088155104513784,0.000650392403416728,0.0,0
0.0,0.6847826086956522,0.002583584515161196,0.7057580176284469,0.960970464135021,1.0,0.012073121005736803,0.010845198424719782,0.008064865802367427,0.0015571473061351607,0
0.0,0.02355072463768116,4.8615837650882727e-05,0.026021792529605778,0.6234177215189873,1.0,0.0003996786422230207,6.0587700696758585e-05,0.00015175822746390323,0.0006228589224540643,0
0.0032258064516129032,0.02717391304347826,0.00017362799161029546,0.014848046363597427,0.2088607594936709,0.5,0.00033306553518585056,3.029385034837928e-05,0.00021679746780557603,0.0006228589224540643,0
0.0,0.03260869565217391,8.334143597294182e-05,0.035333247667946065,0.5559071729957805,1.0,0.0005349234352984872,0.00012117540139351709,0.0002601569613666912,0.0006228589224540643,0
0.0,0.24456521739130435,0.0008959204367091246,0.2532212979051089,0.960970464135021,1.0,0.006404951170573963,0.0037564374431990305,0.002796687334691931,0.0009342883836810964,0
0.0,0.018115942028985508,2.7780478657647266e-05,0.020434919446601602,0.9040084388185654,1.0,0.0018126839430114778,9.088155104513784e-05,8.67189871222304e-05,0.0,0
0.0,0.019927536231884056,3.472559832205909e-05,0.02229721047426966,0.7362869198312236,1.0,0.001610826042898841,6.0587700696758585e-05,0.00010839873390278799,0.0,0
0.0,0.02355072463768116,4.8615837650882727e-05,0.026021792529605778,0.6234177215189873,1.0,0.0007024654923919757,6.0587700696758585e-05,0.00015175822746390323,0.0003114294612270321,0
0.0,0.02536231884057971,5.556095731529454e-05,0.027884083557273835,0.7183544303797468,1.0,0.0005349234352984872,0.00012117540139351709,0.0001734379742444608,0.0006228589224540643,0
0.0,0.02355072463768116,4.8615837650882727e-05,0.026021792529605778,1.0,1.0,0.0026201155434620246,0.00021205695243865495,0.00015175822746390323,0.0,0
0.0,0.18659420289855072,0.0006736766074479464,0.193627985019731,0.9694092827004219,1.0,0.009987928897573266,0.0028476219327476524,0.0021029354377140874,0.0003114294612270321,0
0.0,0.05072463768115942,0.00015279263261706,0.053956157944626645,0.9272151898734178,1.0,0.002519186593405706,0.0006058770069675856,0.00047695442917226725,0.0003114294612270321,0
0.0,0.1394927536231884,0.0004931034961732392,0.1452084183003615,0.9462025316455696,1.0,0.004773939337663858,0.002029687973341412,0.0015392620214195896,0.0006228589224540643,0
0.00967741935483871,0.014492753623188406,0.00020140847026794276,0.004139872954506093,0.5896624472573839,0.5852878464818764,0.0042349787443631175,0.00045440775522568916,0.000325196201708364,0.0,0
0.5387096774193549,0.2608695652173913,0.169134499187421,0.0015568752991304965,0.7869198312236287,0.9605543710021323,0.0024303691173561464,0.5883974553165707,0.5083900620040758,0.4630956088445967,1
0.2645161290322581,0.5670289855072463,0.18095509285624992,0.006994765099921226,0.25949367088607594,0.6492537313432837,0.0015603615678706818,0.2352317479551651,0.37885357499024414,0.2762379321083775,0
0.0,0.06340579710144928,0.00020140847026794276,0.06699219513830305,0.560126582278481,1.0,0.0008538589174764534,0.00042411390487730996,0.0006287126566361704,0.0009342883836810964,0
0.0,0.03079710144927536,7.639631630853002e-05,0.03347095664027801,0.47257383966244726,1.0,0.0003996786422230207,6.0587700696758585e-05,0.0002384772145861336,0.0006228589224540643,0
0.6000000000000001,0.24637681159420288,0.17787840484491546,0.001314777465533649,0.8934599156118144,0.9904051172707888,0.005706522836184239,0.6973038473189943,0.5505138099986991,0.2444721270632202,1
0.17096774193548386,0.644927536231884,0.13383940105288014,0.012261324126166494,0.26054852320675104,0.6321961620469083,0.0010859955026059857,0.1744622841563163,0.2735767246238564,0.2802865151043289,0
0.0,0.21014492753623187,0.0007639631630853,0.21783776837941576,0.9725738396624473,1.0,0.007464705146165305,0.003241441987276583,0.0023847721458613363,0.0006228589224540643,0
0.0,0.08333333333333334,0.0002778047865764727,0.08747739644265169,0.5063291139240507,1.0,0.004840552444701028,0.0005452893062708271,0.0008671898712223041,0.0,0
0.019354838709677417,0.0,0.0,0.0002160257592094947,1.0,1.0,0.0012071102426735676,0.0,0.0,0.0,0
0.4225806451612903,0.9891304347826086,0.50141680441154,0.007667052160909395,0.33544303797468356,0.44882729211087413,0.0039644891582121845,0.8084216903968494,0.7559077309977019,0.40205543444409847,1
0.0,0.0923913043478261,0.0003125303848985318,0.09678885158099197,0.9599156118143459,1.0,0.004840552444701028,0.001302635564980309,0.0009755886051250921,0.0003114294612270321,0
0.07741935483870968,0.30434782608695654,0.02929451474448905,0.012538805489289035,0.1719409282700422,0.9434968017057568,0.0001110218450619502,0.02726446531354135,0.08656722889476651,0.18000622858922455,0
0.0,0.04710144927536232,0.00013890239328823636,0.05023157588929053,0.21835443037974683,1.0,7.670600204280192e-05,0.0,0.000433594935611152,0.0012457178449081284,0
0.0,0.06884057971014493,0.0002222438292611782,0.07257906822130722,0.270042194092827,1.0,0.0001392819510777193,0.0001514692517418964,0.0006937518969778432,0.0018685767673621927,0
0.0,0.059782608695652176,0.0001875182309391191,0.06326761308296694,0.31751054852320676,1.0,0.0001392819510777193,0.0001514692517418964,0.0005853531630750552,0.0018685767673621927,0
0.006451612903225807,0.1902173913043478,0.0021599322156320754,0.06575004702284845,0.21729957805907174,0.2963752665245203,0.0010678282915958482,0.002272038776128446,0.0021896544248363177,0.003737153534724385,0
0.0,0.04891304347826087,0.00014584751295264819,0.05209386691695859,0.510548523206751,1.0,0.0003996786422230207,0.0002423508027870342,0.0004552746823917097,0.0012457178449081284,0
0.0,0.4601449275362319,0.0017223896767741308,0.4748339301976078,0.6687763713080169,1.0,0.0007751343364325251,0.005089366858527718,0.005376577201578286,0.010900031142946123,0
0.0,0.016304347826086956,2.0835358993235454e-05,0.018572628418933545,1.0,1.0,0.0018126839430114778,9.088155104513784e-05,6.50392403416728e-05,0.0,0
0.0,0.014492753623188406,1.3890239328823643e-05,0.016710337391265487,0.8829113924050633,1.0,0.0014089681427862043,3.029385034837928e-05,4.3359493561115185e-05,0.0,0
0.5709677419354839,0.25181159420289856,0.1730237661994916,0.0014153411810277241,0.550632911392405,0.6257995735607677,0.004138086952309052,0.432747652226598,0.35056150544161646,0.20647773279352227,1
0.17096774193548386,0.644927536231884,0.13383940105288014,0.012261324126166494,0.2869198312236287,0.6204690831556503,0.001049661080585711,0.1887609815207513,0.26915405628062267,0.31205232014948614,0
0.0,0.03260869565217391,8.334143597294182e-05,0.035333247667946065,0.6118143459915611,1.0,0.0006015365423356575,0.0001514692517418964,0.0002601569613666912,0.0006228589224540643,0
0.0,0.0778985507246377,0.0002569694275832372,0.08189052335964751,0.7120253164556962,1.0,0.0008700075494854644,0.000757346258709482,0.0008021506308806313,0.0015571473061351607,0
0.0,0.02355072463768116,4.8615837650882727e-05,0.026021792529605778,1.0,1.0,0.0026201155434620246,0.00021205695243865495,0.00015175822746390323,0.0,0
0.0,0.05253623188405797,0.0001597377522814718,0.0558184489722947,0.3670886075949367,1.0,0.00027856390215543863,0.0001514692517418964,0.0004986341759528248,0.0012457178449081284,0
0.0,0.16847826086956522,0.0006042254108038282,0.17500507474305044,0.540084388185654,1.0,0.0004622545912579381,0.0013935171160254468,0.0018861379699085115,0.004671441918405481,0
0.0,0.34782608695652173,0.001291792257580598,0.35937188648218815,0.5464135021097046,1.0,0.00039362290521964164,0.003120266585883066,0.004032432901183714,0.011211460604173155,0
0.4096774193548387,0.6268115942028986,0.30842581917686446,0.004998389118261067,0.36603375527426163,0.5383795309168443,0.0024323876963572725,0.5366252650711906,0.545375710011707,0.4219869199626285,1
0.0,0.286231884057971,0.0010556581889905963,0.2960539915414742,0.9736286919831223,1.0,0.015438092200614456,0.004483489851560133,0.0032953215106447556,0.0003114294612270321,0
0.5387096774193549,0.2427536231884058,0.15746669815120914,0.0014470001284980813,0.810126582278481,0.8976545842217484,0.012472799647959824,0.5629809148742805,0.4445648874821142,0.09187169106197447,1
0.2645161290322581,0.5688405797101449,0.1815315377883961,0.007017112592253243,0.2563291139240506,0.5671641791044776,0.0016532162019224949,0.2338079369887913,0.3363829510471318,0.2609778885082529,0
0.0,0.05615942028985507,0.00017362799161029546,0.05954303102763082,0.43987341772151894,1.0,0.00017359779409686753,0.0002423508027870342,0.0005419936695139401,0.0021800062285892248,0
0.019354838709677417,0.02355072463768116,0.0006320058894614754,0.0036743001975890785,0.05274261603375527,0.15138592750533048,0.0018126839430114778,9.088155104513784e-05,0.00028183670814724884,0.0,0
0.5322580645161291,0.8532608695652174,0.5441154001083438,0.005244211533913252,0.32383966244725737,0.5170575692963754,0.0032499121918134516,0.8508330808845804,0.9281966786627932,0.5107443164123326,1
0.0,0.02536231884057971,5.556095731529454e-05,0.027884083557273835,0.5073839662447258,1.0,0.00019782074211038397,3.029385034837928e-05,0.0001734379742444608,0.0009342883836810964,0
0.5580645161290323,0.8514492753623188,0.5691317211395552,0.004990939954150396,0.3027426160337553,0.39552238805970147,0.002991534079669276,0.8425628597394729,0.7694575727355504,0.5465587044534412,1
0.0,0.11231884057971016,0.0003889267012070618,0.11727405288534061,0.5643459915611814,1.0,0.00026039669114530134,0.0009088155104513784,0.0012140658197112256,0.004671441918405481,0
0.0,0.07427536231884059,0.00024307918825441365,0.0781659413043114,0.14556962025316456,1.0,0.0001170775820653293,3.029385034837928e-05,0.000758791137319516,0.0012457178449081284,0
0.2645161290322581,0.5887681159420289,0.18787243204200407,0.007264797298933094,0.24683544303797467,0.6492537313432837,0.0013181320877355177,0.23429263859436536,0.39331396609287606,0.31890376829648087,0
0.22903225806451613,0.1721014492753623,0.047956051282763604,0.0024321520821344836,0.45991561181434604,0.5543710021321961,0.0029612553946523805,0.10199939412299303,0.08710922256428046,0.06664590470258487,1
0.0,0.04891304347826087,0.00014584751295264819,0.05209386691695859,0.4345991561181435,1.0,0.0002321365851295322,0.0001817631020902757,0.0004552746823917097,0.0015571473061351607,0
0.5225806451612903,0.2898550724637681,0.18221215951550845,0.0017896616775890037,0.49683544303797467,0.8901918976545843,0.001489711302831259,0.41557103907906695,0.510341239214326,0.5085643101837434,1
0.2645161290322581,0.5670289855072463,0.18095509285624992,0.006994765099921226,0.24261603375527424,0.593816631130064,0.0015643987258729345,0.2225386246591942,0.34973767506395526,0.26066645904702584,0
0.5967741935483871,0.8478260869565217,0.6058019529676496,0.004646416114031804,0.3438818565400844,0.49786780383795315,0.0042935175353957826,1.0,1.0,0.4609156026160075,1
0.6000000000000001,0.2536231884057971,0.18307335435389552,0.0013538855771146783,0.3829113924050633,0.8763326226012793,0.0007408184934133769,0.3314147228112693,0.5050080215063087,0.7262535035814388,1
0.0,0.03985507246376811,0.00011112191463058909,0.042782411778618294,0.3122362869198312,1.0,0.0001170775820653293,3.029385034837928e-05,0.00034687594848892164,0.0012457178449081284,0
0.0,0.02355072463768116,4.8615837650882727e-05,0.026021792529605778,0.47257383966244726,1.0,0.0002644338491475541,0.0,0.00015175822746390323,0.0006228589224540643,0
0.0,0.07971014492753624,0.0002639145472476491,0.08375281438731558,0.20253164556962028,1.0,7.266884404054917e-05,0.00012117540139351709,0.0008238303776611888,0.0021800062285892248,0
0.07419354838709678,0.9221014492753623,0.08495964885474977,0.03952340248019919,0.8375527426160337,0.9221748400852879,0.007595912781238519,0.3136019388064223,0.24571825001083986,0.08315166614761757,0
0.6322580645161291,0.35688405797101447,0.2708527217923965,0.0018213206250593606,0.23312236286919835,0.28784648187633266,0.009267296194171153,0.3225386246591942,0.2809044790356849,0.07038305823730925,0
0.006451612903225807,0.9782608695652174,0.011223313377689498,0.3357766591616339,0.6940928270042194,0.7302771855010661,0.017682752049866978,0.034686458648894275,0.026145774617352468,0.003737153534724385,0
0.5129032258064516,0.5163043478260869,0.31776006000583396,0.00327949449972345,0.15717299578059074,0.17484008528784648,0.010981069766127439,0.27846107240230233,0.2241685817109656,0.051385861102460295,0
0.29032258064516125,0.5144927536231884,0.1800730626588696,0.0057824136409093205,0.11181434599156118,0.1098081023454158,0.022783701185713306,0.12399272947591639,0.09278931622078655,0.010900031142946123,0
0.2032258064516129,0.13043478260869565,0.032398983234481135,0.0020745922048222166,0.37025316455696206,0.40831556503198296,0.014404579752037756,0.056800969403211145,0.04487707583575424,0.007785736530675802,1
0.19999999999999998,0.1177536231884058,0.028829191726973458,0.0019013991392490873,0.46308016877637126,0.5639658848614072,0.008750539969882802,0.06161769160860345,0.053137059359146685,0.014014325755216444,1
0.2064516129032258,0.08876811594202899,0.022523023071687527,0.001381819942529699,0.42405063291139244,0.45309168443496806,0.0494168325265746,0.04447137231142078,0.034145601179378225,0.0015571473061351607,1
0.19999999999999998,0.14130434782608695,0.03451724473212674,0.002285031090948707,0.3016877637130802,0.3017057569296375,0.0374971235249234,0.05071190548318691,0.037094046741534055,0.002491435689816257,1
0.00967741935483871,0.19384057971014493,0.0029516758573750225,0.05023157588929053,0.7658227848101266,0.814498933901919,0.011098147348192767,0.009966676764616784,0.0075879113731951615,0.0015571473061351607,0
0.0,0.034420289855072464,9.028655563735364e-05,0.03719553869561412,0.7362869198312236,1.0,0.0003996786422230207,0.0002423508027870342,0.00028183670814724884,0.0012457178449081284,0
0.03225806451612903,0.45471014492753625,0.019203255872098677,0.0426129432951005,0.04219409282700422,0.035181236673773986,0.012662546074065702,0.007512874886398061,0.0055283354290421895,0.0009342883836810964,0
0.0,0.11231884057971016,0.0003889267012070618,0.11727405288534061,0.9493670886075949,1.0,0.003831262944137845,0.0016055740684641016,0.0012140658197112256,0.0006228589224540643,0
0.0,0.1358695652173913,0.0004792132568444154,0.1414838362450254,0.9588607594936709,1.0,0.0071619182959963505,0.0019993941229930327,0.0014959025278584745,0.0003114294612270321,0
0.0,0.18297101449275363,0.0006597863681191227,0.1899034029643949,0.9588607594936709,1.0,0.00473962349464471,0.0027567403817025144,0.002059575944152972,0.0009342883836810964,0
0.012903225806451613,0.23007246376811594,0.004396260747572681,0.047624368450555246,0.7457805907172996,0.7484008528784648,0.032495084760132256,0.014510754316873676,0.010449637948228764,0.0006228589224540643,0
0.012903225806451613,0.5054347826086957,0.009674551692525662,0.10423801569166422,0.7679324894514769,0.7718550106609808,0.031283937359456435,0.032868827627991516,0.023695963231149458,0.0018685767673621927,0
0.03225806451612903,0.7717391304347826,0.03257261122609143,0.07224013125427163,0.5421940928270041,0.5415778251599147,0.03810471580426243,0.08027870342320509,0.057863244157308244,0.004048582995951417,0
0.012903225806451613,0.19746376811594202,0.0037711999777756172,0.04092012075095024,0.5221518987341772,0.5266524520255864,0.02004650806018595,0.008906392002423508,0.006482244287386724,0.0006228589224540643,0
0.03225806451612903,0.9981884057971014,0.04212215076465768,0.09340320649269145,0.8059071729957805,0.8038379530916844,1.0,0.14989397152378067,0.10727138707019902,0.0,0
0.0,0.5108695652173914,0.0019168530273776618,0.5269780789723134,0.9926160337552743,1.0,0.02815513990771057,0.008300514995455923,0.005983610111433899,0.0003114294612270321,0
0.0,0.33152173913043476,0.0012292861806008917,0.34261126723317564,0.9651898734177216,1.0,0.008776781496897444,0.005180248409572857,0.0038373151801586957,0.0009342883836810964,0
0.0,0.02717391304347826,6.250607697970637e-05,0.029746374584941893,0.9345991561181434,1.0,0.002821973443574661,0.0002423508027870342,0.00019511772102501841,0.0,0
0.006451612903225807,0.9945652173913043,0.011410831608628618,0.34136353224463806,0.29219409282700426,0.3336886993603412,0.005274546929943197,0.016237503786731295,0.013268005029701253,0.005917159763313609,0
0.0,0.42391304347826086,0.0015834872834858944,0.4375881096442466,0.9187763713080169,1.0,0.005270509771940944,0.006361708573159648,0.004942982265967134,0.0021800062285892248,0
0.0,0.10326086956521739,0.0003542011028850027,0.10796259774700033,0.8364978902953586,1.0,0.0017723123629889504,0.0012723417146319296,0.0011056670858084377,0.0012457178449081284,0
0.0,0.019927536231884056,3.472559832205909e-05,0.02229721047426966,0.6487341772151899,1.0,0.0006015365423356575,3.029385034837928e-05,0.00010839873390278799,0.0003114294612270321,0
0.0,0.12318840579710146,0.0004305974191935327,0.12844779905134898,0.6487341772151899,1.0,0.0006378709643559319,0.0011814601635867917,0.0013441443003945712,0.003114294612270321,0
0.0,0.19202898550724637,0.0006945119664411818,0.19921485810273518,0.8618143459915611,1.0,0.0035486618839801537,0.002605271129960618,0.00216797467805576,0.0012457178449081284,0
0.006451612903225807,0.9945652173913043,0.011410831608628618,0.34136353224463806,0.3027426160337553,0.36140724946695096,0.0028441778125870513,0.016722205392305362,0.01420023414126523,0.011211460604173155,0
0.006451612903225807,0.8369565217391305,0.009598155376217133,0.2873570924422644,0.2573839662447257,0.3411513859275053,0.0025595581734282336,0.012238715540745229,0.011360187313012183,0.00903145437558393,0
0.0,0.15217391304347824,0.0005417193338241219,0.1582444554940379,0.8755274261603375,1.0,0.0023173286932930697,0.002059981823689791,0.001691020248883493,0.0015571473061351607,0
0.0,0.012681159420289856,6.945119664411818e-06,0.014848046363597427,1.0,1.0,0.0014089681427862043,3.029385034837928e-05,2.1679746780557592e-05,0.0,0
0.006451612903225807,0.9836956521739131,0.011285819454669204,0.33763895018930196,0.2890295358649789,0.36673773987206826,0.0030480542917008147,0.01590427143289912,0.01420023414126523,0.009965742759265027,0
0.0,0.028985507246376812,6.94511966441182e-05,0.03160866561260995,1.0,1.0,0.003225689243799935,0.00030293850348379284,0.00021679746780557603,0.0,0
0.0,0.3713768115942029,0.0013820788132179517,0.3835816698418729,0.989451476793249,1.0,0.040973116564863,0.0059678885186307176,0.004314269609330963,0.0,0
0.0032258064516129032,0.5869565217391305,0.004465711944216799,0.3025720101383124,0.4567510548523207,0.5063965884861408,0.005575315201111026,0.009330505907300819,0.0074144733989507,0.003114294612270321,0
0.0,0.012681159420289856,6.945119664411818e-06,0.014848046363597427,1.0,1.0,0.0014089681427862043,3.029385034837928e-05,2.1679746780557592e-05,0.0,0
0.0,0.028985507246376812,6.94511966441182e-05,0.03160866561260995,1.0,1.0,0.003225689243799935,0.00030293850348379284,0.00021679746780557603,0.0,0
0.0,0.5,0.0018751823093911908,0.515804332806305,0.9926160337552743,1.0,0.02754956620737266,0.008118751893365648,0.005853531630750553,0.0003114294612270321,0
0.0,0.358695652173913,0.001333462975567069,0.3705456326481965,0.9419831223628692,1.0,0.007383961986120251,0.0054831869130566495,0.00416251138186706,0.0012457178449081284,0
0.029032258064516127,1.0000000000000002,0.03835789590654647,0.10293441197229657,0.7858649789029536,0.8763326226012793,0.0040936782142842725,0.1333535292335656,0.10586220352946278,0.06415446901276861,0
0.006451612903225807,0.4673913043478261,0.0053477421415970994,0.1607268894339194,0.9578059071729959,0.976545842217484,0.013484107727524132,0.022387155407452286,0.016324849325759873,0.003114294612270321,0
0.0,0.059782608695652176,0.0001875182309391191,0.06326761308296694,0.4419831223628692,1.0,1.0092895005631847e-05,0.00027264465313541354,0.0005853531630750552,0.004360012457178449,0
0.37741935483870964,0.18840579710144928,0.08600141680441155,0.001607157156877534,0.0,0.04584221748400852,0.0004662917492601908,0.019236594971220843,0.027945193600138748,0.05979445655559017,0
0.0032258064516129032,0.1793478260869565,0.0013404080952314809,0.09306426952565586,0.43037974683544306,0.47228144989339016,0.0021154707931804327,0.0025749772796122387,0.0020378961973724144,0.0021800062285892248,0
0.0032258064516129032,0.0923913043478261,0.0006736766074479464,0.048369284861622466,0.1888185654008439,0.49786780383795315,9.689179205406561e-05,0.0005149954559224478,0.0010406278454667649,0.004671441918405481,0
0.0,0.2898550724637681,0.0010695484283194199,0.2997785735968103,0.37763713080168776,1.0,0.0,0.0017873371705543772,0.003338681004205871,0.019931485518530054,0
0.5064516129032258,0.3007246376811594,0.18320531162751932,0.0019181597584980998,0.11392405063291139,0.22814498933901922,0.001457414038813237,0.12741593456528325,0.15765511858821488,0.15882902522578637,0
0.03225806451612903,0.08514492753623189,0.0036184073451585573,0.008076756186996367,0.19514767932489452,0.34968017057569295,0.0012777605077129903,0.003574674341108755,0.004314269609330963,0.004982871379632514,0
0.0,0.12681159420289853,0.0004444876585223563,0.13217238110668508,0.4947257383966245,1.0,0.00026039669114530134,0.0009088155104513784,0.0013875037939556866,0.004671441918405481,0
0.0,0.034420289855072464,9.028655563735364e-05,0.03719553869561412,0.5253164556962026,1.0,7.266884404054917e-05,0.00012117540139351709,0.00028183670814724884,0.0021800062285892248,0
0.0,0.30978260869565216,0.0011459447446279499,0.320263774901159,0.4356540084388186,1.0,4.0371580022527224e-06,0.0022114510754316875,0.0035771582187920045,0.02366863905325444,0
0.0,0.1902173913043478,0.00068756684677677,0.19735256707506713,0.4029535864978903,1.0,0.0,0.0011814601635867917,0.0021462949312752028,0.013702896293989412,0
0.0,0.519927536231884,0.001951578625699721,0.5362895341106537,0.3924050632911392,1.0,0.0,0.0034837927900636173,0.006092008845336686,0.03706010588601682,0
0.0,0.012681159420289856,6.945119664411818e-06,0.014848046363597427,1.0,1.0,0.0014089681427862043,3.029385034837928e-05,2.1679746780557592e-05,0.0,0
0.0,0.17028985507246377,0.00061117053046824,0.1768673657707185,1.0,1.0,0.0189706054525856,0.0026658588306573768,0.0019078177166890688,0.0,0
0.0,0.11956521739130435,0.00041670717986470906,0.12472321699601285,0.9841772151898733,1.0,0.013116726349319135,0.0017873371705543772,0.001300784806833456,0.0,0
0.0,0.016304347826086956,2.0835358993235454e-05,0.018572628418933545,1.0,1.0,0.0018126839430114778,9.088155104513784e-05,6.50392403416728e-05,0.0,0
0.05161290322580645,0.6159420289855072,0.04021224285694443,0.037305413866246535,0.9314345991561181,0.9978678038379531,0.007137695347982835,0.16398061193577704,0.12524389715128126,0.04609156026160075,0
0.0,0.24818840579710144,0.0009098106760379482,0.256945879960445,1.0,1.0,0.027650495157428977,0.003968494395637685,0.0028400468282530457,0.0,0
0.05161290322580645,0.6177536231884058,0.04033030989123943,0.03741528903687895,0.9113924050632912,0.9957356076759061,0.005904343578294623,0.16119357770372617,0.12537397563196462,0.054500155714730616,0
0.0,0.22644927536231885,0.0008264692400650064,0.23459838762842827,0.9915611814345993,1.0,0.0250263424559647,0.003574674341108755,0.0025798898668863545,0.0,0
0.054838709677419356,0.6177536231884058,0.04270554081646827,0.035333247667946065,0.8386075949367089,0.8901918976545843,0.008570886438782555,0.15783096031505606,0.11956380349477519,0.03706010588601682,0
0.0032258064516129032,0.043478260869565216,0.00029864014556970817,0.02322835598810369,0.32489451476793246,1.0,0.0007024654923919757,0.00033323235383217215,0.0009322291115639769,0.0009342883836810964,0
0.0032258064516129032,0.041666666666666664,0.0002847499062408845,0.02229721047426966,0.31856540084388185,1.0,0.00048042180226807535,0.00030293850348379284,0.0008888696180028616,0.0012457178449081284,0
0.0032258064516129032,0.036231884057971016,0.00024307918825441365,0.019503773932767574,0.4219409282700422,1.0,0.0010718654495981011,0.00036352620418055135,0.000758791137319516,0.0006228589224540643,0
0.0032258064516129032,0.03804347826086957,0.0002569694275832372,0.020434919446601602,0.44831223628691985,1.0,0.0040331208442504814,0.00042411390487730996,0.0008021506308806313,0.0,0
0.0,0.3532608695652174,0.0013126276165738335,0.36495875956519236,0.9789029535864979,1.0,0.012713010549093861,0.005604362314450166,0.004097472141525387,0.0006228589224540643,0
0.0032258064516129032,0.358695652173913,0.002715541788785021,0.18524767539522474,0.4567510548523207,0.47547974413646055,0.0062878735885086336,0.0056346561647985455,0.0042275506222087325,0.0015571473061351607,0
0.0,0.286231884057971,0.0010556581889905963,0.2960539915414742,0.9936708860759493,1.0,0.03168765315968171,0.004574371402605271,0.0032953215106447556,0.0,0
0.0,0.358695652173913,0.001333462975567069,0.3705456326481965,0.989451476793249,1.0,0.03956011126407454,0.005755831566192062,0.00416251138186706,0.0,0
0.02258064516129032,0.4166666666666667,0.012785965302182158,0.05372337156616814,0.8649789029535865,0.8742004264392325,0.03592666906204708,0.04859133595880036,0.03518622902484499,0.002491435689816257,0
0.0,0.125,0.0004375425388579445,0.13031009007901703,1.0,1.0,0.01392415794976968,0.0019085125719478944,0.001365824047175129,0.0,0
0.0,0.02355072463768116,4.8615837650882727e-05,0.026021792529605778,1.0,1.0,0.0026201155434620246,0.00021205695243865495,0.00015175822746390323,0.0,0
0.0,0.125,0.0004375425388579445,0.13031009007901703,0.9398734177215189,1.0,0.0042349787443631175,0.0017873371705543772,0.001365824047175129,0.0006228589224540643,0
0.0,0.014492753623188406,1.3890239328823643e-05,0.016710337391265487,1.0,1.0,0.001610826042898841,6.0587700696758585e-05,4.3359493561115185e-05,0.0,0
0.0,0.23550724637681159,0.0008611948383870655,0.24390984276676858,0.9757383966244726,1.0,0.012713010549093861,0.003665555892153893,0.002688288600789143,0.0003114294612270321,0
0.0032258064516129032,0.1105072463768116,0.0008125790007361827,0.05768073999996276,0.4219409282700422,0.5362473347547974,0.0020549134231466416,0.0014843986670705846,0.001365824047175129,0.0012457178449081284,0
0.0,0.034420289855072464,9.028655563735364e-05,0.03719553869561412,0.8417721518987341,1.0,0.0015098970928425228,0.00030293850348379284,0.00028183670814724884,0.0003114294612270321,0
0.0,0.15579710144927536,0.0005556095731529454,0.16196903754937403,0.9156118143459916,1.0,0.003023831343687298,0.0022114510754316875,0.001734379742444608,0.0012457178449081284,0
0.0,0.5036231884057971,0.0018890725487200144,0.5195289148616412,0.9620253164556962,1.0,0.0075515040432137396,0.007936988791275372,0.005896891124311668,0.0018685767673621927,0
0.0,0.02717391304347826,6.250607697970637e-05,0.029746374584941893,1.0,1.0,0.003023831343687298,0.00027264465313541354,0.00019511772102501841,0.0,0
0.00967741935483871,0.947463768115942,0.014508354978956289,0.24390984276676858,0.5168776371308017,0.5767590618336886,0.007983479949454782,0.0342017570433202,0.027251441703160906,0.008408595453129867,0
